Datum ,Niederschlag (l/m^2),Sonnenschein (h),Schneehöhe (cm)
01.07.2013,0.3,6,-
02.07.2013,0.1,8.5,-
03.07.2013,10.2,2,-
04.07.2013,0,0.2,-
05.07.2013,0,8.1,-
06.07.2013,0,16,-
07.07.2013,0,15.1,-
08.07.2013,0,14.5,-
09.07.2013,0,14.5,-
10.07.2013,0,11.4,-
11.07.2013,0,14.8,-
12.07.2013,0,14.4,-
13.07.2013,0,8.7,-
14.07.2013,0,6.2,-
15.07.2013,0,7.9,-
16.07.2013,0,9.2,-
17.07.2013,0,9.1,-
18.07.2013,0,13.2,-
19.07.2013,0,9,-
20.07.2013,0,15.6,-
21.07.2013,0,15.7,-
22.07.2013,0,15.6,-
23.07.2013,0,15.3,-
24.07.2013,2.1,10.3,-
25.07.2013,0.1,8.2,-
26.07.2013,0,6.6,-
27.07.2013,24.4,8.8,-
28.07.2013,0,6.8,-
29.07.2013,0.5,7,-
30.07.2013,19.9,7.8,-
31.07.2013,0.4,9.3,-
01.08.2013,0,5.3,-
02.08.2013,0,15,-
03.08.2013,2.3,7.1,-
04.08.2013,0,11.3,-
05.08.2013,0,11.4,-
06.08.2013,0,9.5,-
07.08.2013,13.4,8.7,-
08.08.2013,0,0.8,-
09.08.2013,0.2,9.4,-
10.08.2013,1.2,4.5,-
11.08.2013,11.1,3.1,-
12.08.2013,2.9,2.3,-
13.08.2013,5.2,9.2,-
14.08.2013,0,10.2,-
15.08.2013,0.1,7.7,-
16.08.2013,8.2,5.5,-
17.08.2013,0.2,3.9,-
18.08.2013,1,0.7,-
19.08.2013,0,5.5,-
20.08.2013,0,4.7,-
21.08.2013,0,9.6,-
22.08.2013,0,7.2,-
23.08.2013,0,12.4,-
24.08.2013,0,13.5,-
25.08.2013,0,13.5,-
26.08.2013,0,13.5,-
27.08.2013,0,11.1,-
28.08.2013,0,11.1,-
29.08.2013,0,8.5,-
30.08.2013,0,0.8,-
31.08.2013,1.6,3.7,-
01.09.2013,8.3,3.9,-
02.09.2013,4.8,0,-
03.09.2013,0,0.7,-
04.09.2013,0,2.4,-
05.09.2013,0,12.3,0
06.09.2013,0,12.4,0
07.09.2013,0,6.4,0
08.09.2013,0.8,1.1,0
09.09.2013,17.2,0,0
10.09.2013,1.8,3.3,0
11.09.2013,0.1,1.1,0
12.09.2013,0.2,1.9,0
13.09.2013,0,3.3,0
14.09.2013,6,4.1,0
15.09.2013,6.7,4,0
16.09.2013,1.9,4.8,0
17.09.2013,3.7,6.5,0
18.09.2013,0,6.1,0
19.09.2013,1.3,6.4,0
20.09.2013,0,0.6,0
21.09.2013,0,1.1,0
22.09.2013,0.1,1.9,0
23.09.2013,0,1.3,0
24.09.2013,0,1.8,0
25.09.2013,16.7,1.3,0
26.09.2013,1,9.2,0
27.09.2013,0.7,4.3,0
28.09.2013,0,9.9,0
29.09.2013,0,9.8,0
30.09.2013,0,10.1,0
01.10.2013,0,9.9,0
02.10.2013,0,10.2,0
03.10.2013,0,9.6,0
04.10.2013,1.3,2.5,0
05.10.2013,0,0.2,0
06.10.2013,0,0.4,0
07.10.2013,0,6.8,0
08.10.2013,0,2.1,0
09.10.2013,0.8,0.1,0
10.10.2013,0.4,3.2,0
11.10.2013,0,0.8,0
12.10.2013,9.8,0,0
13.10.2013,0,1.5,0
14.10.2013,0.1,5.9,0
15.10.2013,10.7,0,0
16.10.2013,0.6,0.2,0
17.10.2013,7,0,0
18.10.2013,0,7.3,0
19.10.2013,4.7,0,0
20.10.2013,7.6,0.3,0
21.10.2013,0.2,0.2,0
22.10.2013,0.1,6.8,0
23.10.2013,0.3,0.4,0
24.10.2013,0.1,3,0
25.10.2013,0.9,0.3,0
26.10.2013,0.3,2.8,0
27.10.2013,1.9,1.9,0
28.10.2013,13.5,0.4,0
29.10.2013,5.5,0.5,0
30.10.2013,1.3,3.3,0
31.10.2013,5.8,3.9,0
01.11.2013,2.3,0,0
02.11.2013,8.2,0.1,0
03.11.2013,0.3,1.4,0
04.11.2013,6.5,0,0
05.11.2013,2.2,2.8,0
06.11.2013,4.3,3.1,0
07.11.2013,0.5,1.6,0
08.11.2013,2.6,4.7,0
09.11.2013,11.7,1.4,0
10.11.2013,0.2,4.6,0
11.11.2013,0,4.6,0
12.11.2013,1.7,0,0
13.11.2013,0,5.4,0
14.11.2013,0,1.3,0
15.11.2013,0,0,0
16.11.2013,0,0,0
17.11.2013,0,3.9,0
18.11.2013,0.1,0,0
19.11.2013,0.1,0,0
20.11.2013,0,1.1,0
21.11.2013,1.2,5,0
22.11.2013,0,0,0
23.11.2013,0.2,3.8,0
24.11.2013,0,5,0
25.11.2013,0,5.7,0
26.11.2013,0.8,4,0
27.11.2013,0.6,0,0
28.11.2013,0,3,0
29.11.2013,10.6,0,0
30.11.2013,0.1,0,0
01.12.2013,0.1,0.5,0
02.12.2013,0,1.9,0
03.12.2013,0,0,0
04.12.2013,1.9,0,0
05.12.2013,10.2,0,0
06.12.2013,2.1,0.2,0
07.12.2013,1.6,1.7,0
08.12.2013,12,0,0
09.12.2013,0.1,0,0
10.12.2013,0,0,0
11.12.2013,0,0,0
12.12.2013,0.4,0,0
13.12.2013,3.6,0,0
14.12.2013,0.4,0,0
15.12.2013,1.7,0,0
16.12.2013,1.5,0,0
17.12.2013,0.2,0.1,0
18.12.2013,0,0.2,0
19.12.2013,5.9,0,0
20.12.2013,0,0,0
21.12.2013,3.3,0,0
22.12.2013,1.7,0.1,0
23.12.2013,0.8,2,0
24.12.2013,7.5,0,0
25.12.2013,0.3,0.3,0
26.12.2013,2.1,0,0
27.12.2013,5,0,0
28.12.2013,0.2,0,0
29.12.2013,5.5,0,0
30.12.2013,0.1,2.8,0
31.12.2013,0,2.8,0
01.01.2014,0.6,0.5,0
02.01.2014,1,0,0
03.01.2014,2.7,0,0
04.01.2014,0,1.1,0
05.01.2014,0.7,0,0
06.01.2014,10.4,0,0
07.01.2014,0.8,0.3,0
08.01.2014,2.4,0,0
09.01.2014,9.9,0,0
10.01.2014,3.5,0.6,0
11.01.2014,5.3,0,0
12.01.2014,0,3.6,0
13.01.2014,1.7,0,0
14.01.2014,0,1.2,0
15.01.2014,3,0,0
16.01.2014,10,0,0
17.01.2014,1.9,0.4,0
18.01.2014,0.2,0,0
19.01.2014,0,0,0
20.01.2014,0.2,0,0
21.01.2014,1.8,0,0
22.01.2014,0,0,0
23.01.2014,0,0,0
24.01.2014,0,4.4,0
25.01.2014,0,2.2,0
26.01.2014,1.1,5.8,0
27.01.2014,0.4,2.6,1
28.01.2014,0,0,1
29.01.2014,0.7,0,0
30.01.2014,0.7,0,1
31.01.2014,0,0,1
01.02.2014,1.4,0,0
02.02.2014,0,5.2,0
03.02.2014,0,5,0
04.02.2014,0,3.4,0
05.02.2014,0.1,2.9,0
06.02.2014,2.5,0.2,0
07.02.2014,7.2,0.3,0
08.02.2014,1.1,0,0
09.02.2014,8,2.3,0
10.02.2014,0.1,5.2,0
11.02.2014,0.3,1.6,0
12.02.2014,2.2,3.7,0
13.02.2014,4.4,2.6,0
14.02.2014,0.7,2.6,0
15.02.2014,4.3,1.2,0
16.02.2014,7.9,0.3,0
17.02.2014,0,7.1,0
18.02.2014,0.1,0.6,0
19.02.2014,1.6,0,0
20.02.2014,4.7,1.7,0
21.02.2014,1.5,0,0
22.02.2014,0.3,1.3,0
23.02.2014,0,8,0
24.02.2014,0,7.2,0
25.02.2014,0,6.7,0
26.02.2014,0,3.3,0
27.02.2014,0,6.7,0
28.02.2014,0,0.2,0
01.03.2014,0.1,3.8,0
02.03.2014,0,2.3,0
03.03.2014,0,7,0
04.03.2014,0.1,0.3,0
05.03.2014,0,0,0
06.03.2014,0,5.1,0
07.03.2014,0.1,1.9,0
08.03.2014,0,9.6,0
09.03.2014,0,10.3,0
10.03.2014,0,10.4,0
11.03.2014,0,10.9,0
12.03.2014,0,11,0
13.03.2014,0,10.7,0
14.03.2014,5.1,8.5,0
15.03.2014,1.7,6.2,0
16.03.2014,0.8,0,0
17.03.2014,0,0,0
18.03.2014,1.9,0.9,0
19.03.2014,0.2,0.3,0
20.03.2014,0.8,10.4,0
21.03.2014,10.4,0,0
22.03.2014,2.5,4.5,0
23.03.2014,0,7.2,0
24.03.2014,0,6,0
25.03.2014,2.4,10.6,0
26.03.2014,0.2,4.5,0
27.03.2014,0,4.3,0
28.03.2014,0,0.1,0
29.03.2014,0,6,0
30.03.2014,0,7.8,0
31.03.2014,0,0.3,0
01.04.2014,0,0,0
02.04.2014,0,5.5,0
03.04.2014,0,6.4,0
04.04.2014,25.7,1,0
05.04.2014,1.2,0,0
06.04.2014,11.6,0,0
07.04.2014,0.4,2.4,0
08.04.2014,10.4,0.7,0
09.04.2014,0,2.6,0
10.04.2014,0,0.4,0
11.04.2014,0,4.4,0
12.04.2014,1.5,5,0
13.04.2014,4.7,6.6,0
14.04.2014,0.2,6.2,0
15.04.2014,0,13.5,0
16.04.2014,0,13.2,0
17.04.2014,3.5,6.5,0
18.04.2014,0.5,0.3,0
19.04.2014,0,10.5,0
20.04.2014,0,13.2,0
21.04.2014,0.2,5.7,0
22.04.2014,20.6,6.5,0
23.04.2014,0.4,0.1,0
24.04.2014,0,0,0
25.04.2014,0,13.5,0
26.04.2014,0,13.7,0
27.04.2014,0,13.5,0
28.04.2014,0,14.1,0
29.04.2014,0,13.6,0
30.04.2014,0,9.3,0
01.05.2014,0,10.3,0
02.05.2014,0,7.5,0
03.05.2014,0,10,0
04.05.2014,0,0.7,0
05.05.2014,0,0,0
06.05.2014,7.1,1.7,0
07.05.2014,3.1,4.2,0
08.05.2014,8.4,1,0
09.05.2014,2.5,1.4,0
10.05.2014,3,0.5,0
11.05.2014,10.8,1.5,0
12.05.2014,0.9,2,0
13.05.2014,0.3,4.5,0
14.05.2014,0,3.1,0
15.05.2014,0,7.9,0
16.05.2014,0,10.1,0
17.05.2014,0,11.6,0
18.05.2014,1.5,6.9,0
19.05.2014,0.1,3.2,0
20.05.2014,0,15.1,0
21.05.2014,0,10.1,0
22.05.2014,5.2,13.2,0
23.05.2014,4.7,3,0
24.05.2014,0,13.4,0
25.05.2014,0,9.7,0
26.05.2014,0,15.3,0
27.05.2014,0,4.3,0
28.05.2014,0,0.7,0
29.05.2014,0,10.6,0
30.05.2014,0,15.5,0
31.05.2014,0,9.7,0
01.06.2014,0,1.4,0
02.06.2014,0,15.3,0
03.06.2014,0,11.3,0
04.06.2014,0.5,12.2,0
05.06.2014,20.8,4.8,0
06.06.2014,0,13.2,0
07.06.2014,0,12.7,0
08.06.2014,0,5.2,0
09.06.2014,0,10.8,0
10.06.2014,0,10.3,0
11.06.2014,0.3,6.5,0
12.06.2014,0.2,10,0
13.06.2014,0.2,3.2,0
14.06.2014,0,11,0
15.06.2014,0,16.1,0
16.06.2014,0,5.1,0
17.06.2014,0,13.2,0
18.06.2014,0,6.3,0
19.06.2014,1.1,1.1,0
20.06.2014,0,6.1,0
21.06.2014,2.8,3.8,0
22.06.2014,0,9.3,0
23.06.2014,4.7,7.5,0
24.06.2014,0.1,0.4,0
25.06.2014,0,14.6,0
26.06.2014,3,8.9,0
27.06.2014,1.4,4.3,0
28.06.2014,21.2,2.9,0
29.06.2014,0.4,4.8,0
30.06.2014,0,10.1,0
01.07.2014,3,6.6,0
02.07.2014,0,6.8,0
03.07.2014,0,3.6,0
04.07.2014,0,15,0
05.07.2014,7.1,2.9,0
06.07.2014,0.1,8.6,0
07.07.2014,0,6.3,0
08.07.2014,13,0.6,0
09.07.2014,0,13.1,0
10.07.2014,0,15.7,0
11.07.2014,0,15.3,0
12.07.2014,0,12.1,0
13.07.2014,13.7,0.1,0
14.07.2014,0.8,3,0
15.07.2014,0,8.9,0
16.07.2014,0,4.3,0
17.07.2014,0,13.5,0
18.07.2014,0,13.5,0
19.07.2014,0,14.6,0
20.07.2014,0,9.4,0
21.07.2014,0,14,0
22.07.2014,0,14.9,0
23.07.2014,0,15.5,0
24.07.2014,0,13.1,0
25.07.2014,3.4,9.9,0
26.07.2014,0.9,3.4,0
27.07.2014,0,7.9,0
28.07.2014,0,13.5,0
29.07.2014,0,12,0
30.07.2014,0,3.7,0
31.07.2014,0.3,9.1,0
01.08.2014,0,11.2,0
02.08.2014,0,9.8,0
03.08.2014,10.3,5.3,0
04.08.2014,0.1,3.9,0
05.08.2014,0,6.3,0
06.08.2014,0,11.9,0
07.08.2014,2.6,1.2,0
08.08.2014,0,10.1,0
09.08.2014,4.1,5,0
10.08.2014,0.5,6.1,0
11.08.2014,2.4,8.4,0
12.08.2014,10.3,6.1,0
13.08.2014,0,9,0
14.08.2014,2,3.9,0
15.08.2014,1.5,5.4,0
16.08.2014,1.5,3.5,0
17.08.2014,17,0,0
18.08.2014,10,3.6,0
19.08.2014,10.1,6.2,0
20.08.2014,1.1,6.5,0
21.08.2014,3.4,7.6,0
22.08.2014,7.2,3.9,0
23.08.2014,2.1,7.1,0
24.08.2014,1.3,10.1,0
25.08.2014,2.1,5.7,0
26.08.2014,0,11.4,0
27.08.2014,0,12.8,0
28.08.2014,0,10.6,0
29.08.2014,3.2,4.9,0
30.08.2014,13.5,1.6,0
31.08.2014,0.3,1.5,0
01.09.2014,0.4,0.4,0
02.09.2014,0,10.9,0
03.09.2014,0,11.1,0
04.09.2014,0,12.8,0
05.09.2014,0,7.3,0
06.09.2014,14.1,8.6,0
07.09.2014,0,1,0
08.09.2014,0.1,7.6,0
09.09.2014,1.5,4,0
10.09.2014,0,8.3,0
11.09.2014,0,7.7,0
12.09.2014,0,9.1,0
13.09.2014,2.3,2,0
14.09.2014,14,0.3,0
15.09.2014,0,5.2,0
16.09.2014,0,11,0
17.09.2014,0,9.5,0
18.09.2014,0,11,0
19.09.2014,0,10.9,0
20.09.2014,1.6,5.2,0
21.09.2014,0.2,6,0
22.09.2014,0,1.2,0
23.09.2014,0,6.8,0
24.09.2014,0.7,0.6,0
25.09.2014,0.8,1.2,0
26.09.2014,0.9,0.8,0
27.09.2014,0,8.5,0
28.09.2014,0,5.8,0
29.09.2014,1.4,1.9,0
30.09.2014,9.7,0,0
01.10.2014,0.2,1.7,0
02.10.2014,0,1.8,0
03.10.2014,0,4.2,0
04.10.2014,0,10,0
05.10.2014,0,8.8,0
06.10.2014,0,4.6,0
07.10.2014,8.2,0.2,0
08.10.2014,0.8,4,0
09.10.2014,0,3,0
10.10.2014,0,4.3,0
11.10.2014,1.6,6,0
12.10.2014,0.6,2.2,0
13.10.2014,13.3,0,0
14.10.2014,1.4,1.8,0
15.10.2014,0,0.2,0
16.10.2014,0,0,0
17.10.2014,5.1,0.2,0
18.10.2014,0,0,0
19.10.2014,11.9,0,0
20.10.2014,0.8,3.9,0
21.10.2014,9,0,0
22.10.2014,0,1.7,0
23.10.2014,0,2.1,0
24.10.2014,1.1,0.6,0
25.10.2014,0.4,0.1,0
26.10.2014,0,1.7,0
27.10.2014,0,5.8,0
28.10.2014,0,7.3,0
29.10.2014,0,0,0
30.10.2014,0.1,6.1,0
31.10.2014,0,0,0
01.11.2014,0,4.7,0
02.11.2014,1.1,4.1,0
03.11.2014,1,3.2,0
04.11.2014,6.8,0.4,0
05.11.2014,2.1,0,0
06.11.2014,0,3.1,0
07.11.2014,0,5.9,0
08.11.2014,0,0.9,0
09.11.2014,0,4,0
10.11.2014,0.9,1.4,0
11.11.2014,0,5.4,0
12.11.2014,0.5,0,0
13.11.2014,0,0,0
14.11.2014,0,0,0
15.11.2014,0,0,0
16.11.2014,3,0,0
17.11.2014,0,0.8,0
18.11.2014,0.7,0,0
19.11.2014,0,0,0
20.11.2014,0,0.5,0
21.11.2014,0,0.7,0
22.11.2014,1.7,0.1,0
23.11.2014,3.5,0.2,0
24.11.2014,2.8,3.9,0
25.11.2014,0,5.2,0
26.11.2014,0,3.6,0
27.11.2014,0,4.3,0
28.11.2014,0,0.5,0
29.11.2014,0,0,0
30.11.2014,0,0,0
01.12.2014,0,0,0
02.12.2014,0,0,0
03.12.2014,0,0,0
04.12.2014,2.7,0,0
05.12.2014,0.3,0,0
06.12.2014,0,4,0
07.12.2014,8.7,0,0
08.12.2014,3.5,0,0
09.12.2014,2.4,0,0
10.12.2014,4.9,0.4,0
11.12.2014,22.2,0,0
12.12.2014,13.6,0,0
13.12.2014,0.3,1.7,0
14.12.2014,1.3,2.6,0
15.12.2014,5.9,0,0
16.12.2014,3.8,0.1,0
17.12.2014,1.4,0,0
18.12.2014,19.2,0,0
19.12.2014,7.2,0.2,0
20.12.2014,7.5,0.4,0
21.12.2014,18.1,0,0
22.12.2014,22.4,0,0
23.12.2014,19.9,0,0
24.12.2014,13.1,1.3,0
25.12.2014,5.3,0,0
26.12.2014,0.5,1.5,0
27.12.2014,0,2.9,0
28.12.2014,0.7,4.3,0
29.12.2014,2.5,2.2,0
30.12.2014,0,0,0
31.12.2014,0.1,1,0
01.01.2015,8,0,0
02.01.2015,2.2,0.7,0
03.01.2015,4.2,0,0
04.01.2015,0,4.7,0
05.01.2015,0.2,0,0
06.01.2015,0.2,0,0
07.01.2015,1.3,2.2,0
08.01.2015,7.5,0,0
09.01.2015,12.6,0.1,0
10.01.2015,6,0,0
11.01.2015,4,0.5,0
12.01.2015,13.8,0,0
13.01.2015,12,0,0
14.01.2015,6.2,0.3,0
15.01.2015,13.6,0,0
16.01.2015,0,0.3,0
17.01.2015,0,4.9,0
18.01.2015,4.1,0,0
19.01.2015,1.3,0,0
20.01.2015,1.3,0,0
21.01.2015,0,0,0
22.01.2015,0,0.4,0
23.01.2015,0,0,0
24.01.2015,1.9,0,0
25.01.2015,0,2.7,0
26.01.2015,6.4,0,0
27.01.2015,0,5.9,0
28.01.2015,16.6,0,0
29.01.2015,8.1,0,2
30.01.2015,0,0.6,3
31.01.2015,0,0,2
01.02.2015,4.5,0.1,1
02.02.2015,0.2,0.9,3
03.02.2015,0.4,0.2,3
04.02.2015,0.5,1.8,4
05.02.2015,0,2.6,4
06.02.2015,0,5.3,4
07.02.2015,0,0,3
08.02.2015,0.1,6.9,0
09.02.2015,0,0,0
10.02.2015,0,1.6,0
11.02.2015,0,0,0
12.02.2015,0,0,0
13.02.2015,0,0,0
14.02.2015,0,1,0
15.02.2015,0,0,0
16.02.2015,0,0,0
17.02.2015,0,0.3,0
18.02.2015,0,5.4,0
19.02.2015,0,6.9,0
20.02.2015,5.9,0,0
21.02.2015,3.5,0,0
22.02.2015,0.8,4.3,0
23.02.2015,1.7,0.4,0
24.02.2015,0,1.5,0
25.02.2015,0.7,3.7,0
26.02.2015,1,2.1,0
27.02.2015,4.8,0,0
28.02.2015,1.7,4.3,0
01.03.2015,2.1,0.7,0
02.03.2015,2.9,0.8,0
03.03.2015,6.8,1.8,0
04.03.2015,2.3,2.9,0
05.03.2015,0.1,2.9,0
06.03.2015,0,0.5,0
07.03.2015,0,0.4,0
08.03.2015,0,9.3,0
09.03.2015,1,5.1,0
10.03.2015,0,5.6,0
11.03.2015,0,10.8,0
12.03.2015,0,10.8,0
13.03.2015,0,2.6,0
14.03.2015,0,1.2,0
15.03.2015,0,0,0
16.03.2015,0,6.9,0
17.03.2015,0,9.4,0
18.03.2015,0,6.3,0
19.03.2015,0,11.1,0
20.03.2015,4.1,1.4,0
21.03.2015,3.3,0,0
22.03.2015,0,11.2,0
23.03.2015,0,10,0
24.03.2015,0,2.4,0
25.03.2015,1.7,2,0
26.03.2015,0,0.5,0
27.03.2015,2.5,0.3,0
28.03.2015,8.9,1.4,0
29.03.2015,13,0,0
30.03.2015,6.7,3.2,0
31.03.2015,11.3,0.1,0
01.04.2015,3.1,4.8,0
02.04.2015,0.4,8.7,0
03.04.2015,0,7.4,0
04.04.2015,0,12.4,0
05.04.2015,0,10.5,0
06.04.2015,0,12.7,0
07.04.2015,0,0.4,0
08.04.2015,0,7.3,0
09.04.2015,0,7.2,0
10.04.2015,0,9.5,0
11.04.2015,6.5,8.1,0
12.04.2015,1.6,6.3,0
13.04.2015,0.1,9.7,0
14.04.2015,0,0.1,0
15.04.2015,0,10,0
16.04.2015,0,6.3,0
17.04.2015,0,10.8,0
18.04.2015,0,12.1,0
19.04.2015,0,11.9,0
20.04.2015,0,13.9,0
21.04.2015,0,13.9,0
22.04.2015,0,10.8,0
23.04.2015,0,9.9,0
24.04.2015,0.1,7.4,0
25.04.2015,5.7,0,0
26.04.2015,0.8,0,0
27.04.2015,0,6.2,0
28.04.2015,0,9.4,0
29.04.2015,0.3,9.3,0
30.04.2015,1.4,3.4,0
01.05.2015,0,6.3,-
02.05.2015,0,10.4,-
03.05.2015,7.7,9.7,-
04.05.2015,1.9,5.6,-
05.05.2015,14.8,3.8,-
06.05.2015,3.1,9.6,-
07.05.2015,2.4,5.7,-
08.05.2015,0,9.1,-
09.05.2015,3.7,1.5,-
10.05.2015,0,8.2,-
11.05.2015,0,11.4,-
12.05.2015,2.9,3,-
13.05.2015,0,2.3,-
14.05.2015,0,0.2,-
15.05.2015,0,7.7,-
16.05.2015,0.3,0,-
17.05.2015,0.4,8.7,-
18.05.2015,8.9,0,-
19.05.2015,12.4,5.8,-
20.05.2015,1.7,9.1,-
21.05.2015,0.2,7.9,-
22.05.2015,1.1,8.2,-
23.05.2015,0.4,7.5,-
24.05.2015,0.5,13.9,-
25.05.2015,0,0.4,-
26.05.2015,0,6.7,-
27.05.2015,0,4.5,-
28.05.2015,4.3,3,-
29.05.2015,3.4,6.4,-
30.05.2015,0.8,7.5,-
31.05.2015,3.7,1.5,-
01.06.2015,2.2,12.7,-
02.06.2015,0.6,1.3,-
03.06.2015,0,5.4,-
04.06.2015,0,15.6,-
05.06.2015,0.9,13.4,-
06.06.2015,0,9.3,-
07.06.2015,0,12.9,-
08.06.2015,0,6.7,-
09.06.2015,0,9.6,-
10.06.2015,0,16.3,-
11.06.2015,0,16,-
12.06.2015,0,16.2,-
13.06.2015,3.7,3.4,-
14.06.2015,0,0.6,-
15.06.2015,0,4.6,-
16.06.2015,0,3.3,-
17.06.2015,4.7,3.4,-
18.06.2015,1.3,1.8,-
19.06.2015,0.7,1.5,-
20.06.2015,0,8.3,-
21.06.2015,14.4,2.2,-
22.06.2015,1.8,5,-
23.06.2015,0.4,7.7,-
24.06.2015,0.1,0.2,-
25.06.2015,0,4.1,-
26.06.2015,0.1,5.2,-
27.06.2015,0.1,2,-
28.06.2015,2.6,11.5,-
29.06.2015,0,11.5,-
30.06.2015,0,14.1,-
01.07.2015,0,16.5,-
02.07.2015,0,16.4,-
03.07.2015,0,13,-
04.07.2015,0.2,13,-
05.07.2015,15.9,4.2,-
06.07.2015,0,12.1,-
07.07.2015,2.4,8.4,-
08.07.2015,4,6.3,-
09.07.2015,0.1,6.1,-
10.07.2015,0,11.1,-
11.07.2015,0,7.5,-
12.07.2015,0.3,0.3,-
13.07.2015,0,2.9,-
14.07.2015,0,6.7,-
15.07.2015,3.9,11.4,-
16.07.2015,0,6.8,-
17.07.2015,1.8,12.2,-
18.07.2015,0,11.3,-
19.07.2015,2.3,0,-
20.07.2015,0.8,7.7,-
21.07.2015,1.2,10,-
22.07.2015,0,9.4,-
23.07.2015,0,6.3,-
24.07.2015,21.6,6.2,-
25.07.2015,8.9,1.8,-
26.07.2015,0.7,7.8,-
27.07.2015,21.8,0.6,-
28.07.2015,14.2,2.3,-
29.07.2015,22.5,3,-
30.07.2015,2.1,0,-
31.07.2015,0,4.4,-
01.08.2015,0,12.6,-
02.08.2015,0,12.8,-
03.08.2015,0,14.5,-
04.08.2015,4.1,8.1,-
05.08.2015,0,13.4,-
06.08.2015,0,12.9,-
07.08.2015,3.7,7.5,-
08.08.2015,0,2.7,-
09.08.2015,0,13.7,-
10.08.2015,11.5,5.6,-
11.08.2015,0,7.2,-
12.08.2015,0,4.3,-
13.08.2015,0,13.9,-
14.08.2015,0.4,9.9,-
15.08.2015,0,3.3,-
16.08.2015,9,4.2,-
17.08.2015,3.3,0.1,-
18.08.2015,0.3,0,-
19.08.2015,0,6,-
20.08.2015,0,8.7,-
21.08.2015,0,12.9,-
22.08.2015,0,13.5,-
23.08.2015,0,13.2,-
24.08.2015,0,4.9,-
25.08.2015,6.4,5.8,-
26.08.2015,3,5.6,-
27.08.2015,5.1,0.5,-
28.08.2015,0,7.9,-
29.08.2015,0,7.9,-
30.08.2015,0,4.4,-
31.08.2015,2.7,6,-
01.09.2015,0,0.1,-
02.09.2015,0,6.5,-
03.09.2015,0,9.8,-
04.09.2015,1.3,3.4,-
05.09.2015,5,5,-
06.09.2015,0,7.1,-
07.09.2015,0,12.3,-
08.09.2015,0,10,-
09.09.2015,0,10.5,-
10.09.2015,0,9.9,-
11.09.2015,1.6,0.5,-
12.09.2015,7.3,6,-
13.09.2015,4.3,1.3,-
14.09.2015,21.8,3,-
15.09.2015,10,6.7,-
16.09.2015,2,0.1,-
17.09.2015,4.3,0.9,-
18.09.2015,0,4.7,-
19.09.2015,1.6,3.5,-
20.09.2015,0.1,7.3,-
21.09.2015,1,0.4,-
22.09.2015,1.3,0.5,-
23.09.2015,0,0.6,-
24.09.2015,2.4,5.1,-
25.09.2015,0,4.9,-
26.09.2015,0,8.1,-
27.09.2015,0,10,-
28.09.2015,0,8.2,-
29.09.2015,0,9.4,-
30.09.2015,0,11.1,-
01.10.2015,0,9.8,0
02.10.2015,0.1,7.8,0
03.10.2015,0,4.9,0
04.10.2015,0,2.4,0
05.10.2015,0,6.3,0
06.10.2015,3,0,0
07.10.2015,12.4,0,0
08.10.2015,1.1,0,0
09.10.2015,0,0,0
10.10.2015,0,6.6,0
11.10.2015,0,8.7,0
12.10.2015,0,8.2,0
13.10.2015,3,0,0
14.10.2015,1.4,0,0
15.10.2015,1.4,0,0
16.10.2015,7.3,0,0
17.10.2015,7.9,0,0
18.10.2015,3.5,0,0
19.10.2015,0,0.6,0
20.10.2015,0.1,1.3,0
21.10.2015,0,0.5,0
22.10.2015,0.9,0,0
23.10.2015,0,6.7,0
24.10.2015,0.6,0.1,0
25.10.2015,0,6.7,0
26.10.2015,0,7.5,0
27.10.2015,0,7.3,0
28.10.2015,0,6.5,0
29.10.2015,0,4.7,0
30.10.2015,0,0,0
31.10.2015,0,4.9,0
01.11.2015,0,3.4,0
02.11.2015,0,0,0
03.11.2015,0,0,0
04.11.2015,0,5.2,0
05.11.2015,9.7,1,0
06.11.2015,9.6,0,0
07.11.2015,3.5,0.1,0
08.11.2015,5.9,4.5,0
09.11.2015,4.8,0.6,0
10.11.2015,0.5,0,0
11.11.2015,1.4,0,0
12.11.2015,0,4.3,0
13.11.2015,7.2,2.8,0
14.11.2015,4.9,1.1,0
15.11.2015,11,0,0
16.11.2015,8.1,0,0
17.11.2015,14.3,0.1,0
18.11.2015,13.6,1.8,0
19.11.2015,5.6,0.7,0
20.11.2015,10.2,0.2,0
21.11.2015,8,0,0
22.11.2015,6.7,0,0
23.11.2015,0.9,4.6,0
24.11.2015,3.1,0,0
25.11.2015,0.1,0,0
26.11.2015,0,5.6,0
27.11.2015,0,0,0
28.11.2015,7.2,2.9,0
29.11.2015,18.2,0,0
30.11.2015,3.1,0.2,0
01.12.2015,2.8,0.8,0
02.12.2015,0,0,0
03.12.2015,1.6,0,0
04.12.2015,0.9,1.4,0
05.12.2015,0.4,0,0
06.12.2015,0.3,0.1,0
07.12.2015,0.4,1,0
08.12.2015,2.7,4.6,0
09.12.2015,0,4,0
10.12.2015,3.2,0,0
11.12.2015,8.5,1,0
12.12.2015,16.5,2.2,0
13.12.2015,0,4.4,0
14.12.2015,0.1,0,0
15.12.2015,0.2,0,0
16.12.2015,2.3,0,0
17.12.2015,1.1,0,0
18.12.2015,0.3,0,0
19.12.2015,0,0.5,0
20.12.2015,0.1,0,0
21.12.2015,4.6,0.2,0
22.12.2015,3.8,0,0
23.12.2015,3,0.2,0
24.12.2015,1,2.5,0
25.12.2015,10.4,3.5,0
26.12.2015,9.2,0,0
27.12.2015,0,0,0
28.12.2015,0,0,0
29.12.2015,0,0.6,0
30.12.2015,0,0,0
31.12.2015,1.8,0,0
01.01.2016,0,0,0
02.01.2016,0,0,0
03.01.2016,0,0,0
04.01.2016,0,1.1,0
05.01.2016,0,2.7,0
06.01.2016,0,4.8,0
07.01.2016,5.7,0.2,0
08.01.2016,3.6,0,3
09.01.2016,0,1.8,0
10.01.2016,5.4,0,0
11.01.2016,0.5,0.4,0
12.01.2016,5.3,0,0
13.01.2016,0.7,0,0
14.01.2016,0.5,0,0
15.01.2016,0,0,0
16.01.2016,0.1,0,0
17.01.2016,0,2.7,0
18.01.2016,0,1.7,0
19.01.2016,0.5,0,1
20.01.2016,0,0.8,1
21.01.2016,0,2.5,1
22.01.2016,3.1,4.9,1
23.01.2016,0,0,3
24.01.2016,2,0.1,1
25.01.2016,0,0,0
26.01.2016,5,0.6,0
27.01.2016,6.6,0,0
28.01.2016,0.2,3.2,0
29.01.2016,13.5,0,0
30.01.2016,13.9,0.2,0
31.01.2016,14.9,0.1,0
01.02.2016,4.4,0,0
02.02.2016,3.8,0,0
03.02.2016,2.8,0.5,0
04.02.2016,1.1,2.3,0
05.02.2016,2,0,0
06.02.2016,0,0.1,0
07.02.2016,0.8,0.7,0
08.02.2016,19.1,0.7,0
09.02.2016,19.5,2.4,0
10.02.2016,0.6,0.1,0
11.02.2016,3.8,0.4,0
12.02.2016,1.8,0.2,0
13.02.2016,0,0.4,0
14.02.2016,1.6,0,0
15.02.2016,0,0,0
16.02.2016,0,7.8,0
17.02.2016,0.2,6.8,0
18.02.2016,0,2.5,0
19.02.2016,1,1,0
20.02.2016,8.8,0,0
21.02.2016,8.8,0,0
22.02.2016,0.5,0.9,0
23.02.2016,1.5,6,0
24.02.2016,0.2,6.1,0
25.02.2016,2.8,2.6,0
26.02.2016,0,3.5,0
27.02.2016,0,1.8,0
28.02.2016,0,6.2,0
29.02.2016,0,1.1,0
01.03.2016,2.3,2,0
02.03.2016,8,0,0
03.03.2016,0.5,0.1,0
04.03.2016,2.7,2.5,0
05.03.2016,3.4,0,0
06.03.2016,0,1.2,0
07.03.2016,0,2.6,0
08.03.2016,0,3.3,0
09.03.2016,0,9,0
10.03.2016,0,0.3,0
11.03.2016,0,0,0
12.03.2016,0,0.1,0
13.03.2016,0,0,0
14.03.2016,0,0,0
15.03.2016,0,3.5,0
16.03.2016,0,9.1,0
17.03.2016,0,11.4,0
18.03.2016,0,0,0
19.03.2016,0,3.1,0
20.03.2016,0,3,0
21.03.2016,0.1,0.3,0
22.03.2016,0,0.4,0
23.03.2016,0,9.1,0
24.03.2016,1.2,4.1,0
25.03.2016,0.7,0,0
26.03.2016,0,6.9,0
27.03.2016,2.9,0.9,0
28.03.2016,2.1,5.1,0
29.03.2016,1.5,5.4,0
30.03.2016,2.5,3.4,0
31.03.2016,0,6,0
01.04.2016,0,11.9,0
02.04.2016,0,7.6,0
03.04.2016,0.2,1.5,0
04.04.2016,3,2.7,0
05.04.2016,4.8,0,0
06.04.2016,1.6,1.2,0
07.04.2016,3.2,5,0
08.04.2016,5.5,3.3,0
09.04.2016,0,6,0
10.04.2016,0,4.8,0
11.04.2016,2.2,9.9,0
12.04.2016,0.7,3.1,0
13.04.2016,0,3.5,0
14.04.2016,0,3.9,0
15.04.2016,0.1,0.9,0
16.04.2016,1.1,3.9,0
17.04.2016,0.1,10.1,0
18.04.2016,0.5,0.5,0
19.04.2016,0.1,5.3,0
20.04.2016,0,11.8,0
21.04.2016,0,10.9,0
22.04.2016,0,9.1,-
23.04.2016,0.1,9.2,-
24.04.2016,0,8.7,-
25.04.2016,8.8,1.2,-
26.04.2016,19.1,0.5,-
27.04.2016,4.5,0.3,0
28.04.2016,1.3,5.3,0
29.04.2016,4.9,4.9,0
30.04.2016,2.4,0.2,0
01.05.2016,0,13.7,0
02.05.2016,0,12.7,0
03.05.2016,0.7,4.2,-
04.05.2016,0,13.1,-
05.05.2016,0,14.7,-
06.05.2016,0,13.9,-
07.05.2016,0,14.8,-
08.05.2016,0,14.8,-
09.05.2016,0,14.6,-
10.05.2016,0,14.6,-
11.05.2016,0,13.9,-
12.05.2016,0,13.2,-
13.05.2016,6.9,13.2,-
14.05.2016,3.5,2.5,-
15.05.2016,1.7,4.2,-
16.05.2016,0,10,-
17.05.2016,0,0.2,-
18.05.2016,0,6.5,-
19.05.2016,0,8.7,-
20.05.2016,2.2,0.6,-
21.05.2016,0,3.3,-
22.05.2016,6.7,9.4,-
23.05.2016,1.2,0.4,-
24.05.2016,0.5,0.5,-
25.05.2016,0,1.8,-
26.05.2016,2.6,0,-
27.05.2016,0,6.8,-
28.05.2016,0,10,-
29.05.2016,0,1.7,-
30.05.2016,0,10.8,-
31.05.2016,1.2,12.4,-
01.06.2016,0,8.2,-
02.06.2016,0,9.7,-
03.06.2016,0,13.9,-
04.06.2016,0,14.7,-
05.06.2016,0,15.7,-
06.06.2016,0,15.8,-
07.06.2016,0,14.6,-
08.06.2016,0,5.6,-
09.06.2016,0,14.2,-
10.06.2016,0,9,-
11.06.2016,1.6,11.5,-
12.06.2016,2.3,0,-
13.06.2016,6,0.3,-
14.06.2016,8.7,0.4,-
15.06.2016,20,1.7,-
16.06.2016,4.4,5.4,-
17.06.2016,0,4,-
18.06.2016,0,9.3,-
19.06.2016,0,1,-
20.06.2016,11.4,8.7,-
21.06.2016,0,8,-
22.06.2016,0.3,6.6,-
23.06.2016,5.3,7.6,-
24.06.2016,2.1,3.7,-
25.06.2016,23.7,0,-
26.06.2016,0,9.2,-
27.06.2016,2.9,6.7,-
28.06.2016,2.8,8.8,-
29.06.2016,0.7,4.4,-
30.06.2016,1.4,1.3,-
01.07.2016,12.3,0.8,-
02.07.2016,2.6,3.4,-
03.07.2016,1.4,10.9,-
04.07.2016,2.9,5,-
05.07.2016,12.7,3.5,-
06.07.2016,0,8.2,-
07.07.2016,0,7.4,-
08.07.2016,3.8,5.6,-
09.07.2016,0.1,4.6,-
10.07.2016,4.3,3.4,-
11.07.2016,0,4.4,-
12.07.2016,6.8,8.6,-
13.07.2016,6.6,4.8,-
14.07.2016,1.1,5.4,-
15.07.2016,0.8,1.5,-
16.07.2016,0.3,1.7,-
17.07.2016,1.5,3,-
18.07.2016,0,2.2,-
19.07.2016,0,4.1,-
20.07.2016,0.3,15.3,-
21.07.2016,0,8.5,-
22.07.2016,2.6,9.2,-
23.07.2016,0,8.7,-
24.07.2016,0,12.6,-
25.07.2016,2.4,4.6,-
26.07.2016,0,11.7,-
27.07.2016,4.9,3.8,-
28.07.2016,0,10.9,-
29.07.2016,4,3.1,-
30.07.2016,13.8,5.1,-
31.07.2016,1.8,3.1,-
01.08.2016,0,6.4,-
02.08.2016,0.2,7.7,-
03.08.2016,4.5,0,-
04.08.2016,1.7,5.4,-
05.08.2016,0,6.5,-
06.08.2016,3.3,6.7,-
07.08.2016,0.2,3.7,-
08.08.2016,0.3,3.8,-
09.08.2016,0.8,4.8,-
10.08.2016,1.5,10.1,-
11.08.2016,1.5,2.9,-
12.08.2016,0.3,0.3,-
13.08.2016,0.4,1.4,-
14.08.2016,0.7,5.9,-
15.08.2016,0,6.2,-
16.08.2016,0,13.2,-
17.08.2016,0,13.2,-
18.08.2016,0,5.9,-
19.08.2016,0.5,8.3,-
20.08.2016,10.2,3.3,-
21.08.2016,1.5,7.9,-
22.08.2016,7.7,0.9,-
23.08.2016,0,4.8,-
24.08.2016,0,13.4,-
25.08.2016,0,13.6,-
26.08.2016,0,12.9,-
27.08.2016,14.7,12.3,-
28.08.2016,3.8,4.9,-
29.08.2016,0,7.1,-
30.08.2016,0,11.5,-
31.08.2016,0,12.3,-
01.09.2016,1.5,8.5,-
02.09.2016,0.9,5.1,-
03.09.2016,16.5,2.9,-
04.09.2016,7.3,0.6,-
05.09.2016,0.1,10.3,-
06.09.2016,0,11.1,-
07.09.2016,0,11.3,-
08.09.2016,0,12.3,-
09.09.2016,0,8.5,-
10.09.2016,0.1,10.8,-
11.09.2016,0,5.1,-
12.09.2016,0,11.8,-
13.09.2016,0,11.7,-
14.09.2016,0,11.1,-
15.09.2016,0,12,-
16.09.2016,2.6,6.4,-
17.09.2016,0,3.9,-
18.09.2016,0,2.6,-
19.09.2016,0,2.1,-
20.09.2016,0,5.9,-
21.09.2016,0,6.6,-
22.09.2016,0,5.9,-
23.09.2016,0.1,5,-
24.09.2016,0,10.3,-
25.09.2016,0.2,10.9,-
26.09.2016,0.1,3.9,-
27.09.2016,0,9.3,-
28.09.2016,0,4.1,-
29.09.2016,6.3,0,-
30.09.2016,5.6,3.7,-
01.10.2016,0.1,5.1,-
02.10.2016,0,5.5,-
03.10.2016,3.7,0.4,-
04.10.2016,0,6.1,-
05.10.2016,0,6.9,-
06.10.2016,0,0,-
07.10.2016,0,0,-
08.10.2016,4.7,4.2,-
09.10.2016,8.4,0.4,-
10.10.2016,12.4,0.9,-
11.10.2016,3.7,0,-
12.10.2016,6.2,0.1,-
13.10.2016,0,1.6,-
14.10.2016,0,0.9,-
15.10.2016,0.7,0,-
16.10.2016,0,0,-
17.10.2016,1,0,-
18.10.2016,2.5,0.9,-
19.10.2016,7.4,0.4,-
20.10.2016,5.6,0.4,-
21.10.2016,9.4,1.3,-
22.10.2016,8.3,0,-
23.10.2016,0,0,-
24.10.2016,0,2.6,-
25.10.2016,0,2.1,-
26.10.2016,1.2,1.1,-
27.10.2016,0,1.2,-
28.10.2016,1.6,1,-
29.10.2016,0,3.1,-
30.10.2016,0.1,5.8,-
31.10.2016,2.2,0,-
01.11.2016,0.5,0.5,-
02.11.2016,0,4.2,-
03.11.2016,3.5,4.1,-
04.11.2016,0.6,0.2,-
05.11.2016,3.7,0,-
06.11.2016,0.9,0.1,-
07.11.2016,0,0,-
08.11.2016,0,0,-
09.11.2016,0,6.2,-
10.11.2016,1,0,-
11.11.2016,0.1,3.6,-
12.11.2016,0,4.5,-
13.11.2016,0,2.3,-
14.11.2016,3.3,3.2,-
15.11.2016,0.2,0,-
16.11.2016,7.4,0,-
17.11.2016,3.9,1.8,-
18.11.2016,0.4,1.6,-
19.11.2016,0,1.5,-
20.11.2016,2.9,1,-
21.11.2016,0.4,0,-
22.11.2016,0,0,-
23.11.2016,0,0,-
24.11.2016,0,5,-
25.11.2016,0,0,-
26.11.2016,0.1,0,-
27.11.2016,0,5.5,-
28.11.2016,0,5,-
29.11.2016,0.5,4.4,-
30.11.2016,2.7,0,-
01.12.2016,0.1,0.1,-
02.12.2016,0,5.1,-
03.12.2016,0,2.7,-
04.12.2016,0,0,-
05.12.2016,0,0.4,-
06.12.2016,1,0,-
07.12.2016,0.5,0,-
08.12.2016,1.1,0,-
09.12.2016,0.8,0,-
10.12.2016,10.7,0,-
11.12.2016,2.5,0.2,-
12.12.2016,0.4,0.4,-
13.12.2016,1.6,0,-
14.12.2016,0,0,-
15.12.2016,0,0,-
16.12.2016,0,0,-
17.12.2016,1.4,0,-
18.12.2016,0,0,-
19.12.2016,0,0,-
20.12.2016,0,0,-
21.12.2016,0.4,1.6,-
22.12.2016,0.9,0,-
23.12.2016,2.7,0,-
24.12.2016,12.4,0,-
25.12.2016,3.5,0,-
26.12.2016,2.8,1.6,-
27.12.2016,0,1,-
28.12.2016,0,3.8,-
29.12.2016,0,4.4,-
30.12.2016,0,2.8,-
31.12.2016,0.1,0,-
01.01.2017,3.7,0,-
02.01.2017,1.7,4.5,-
03.01.2017,8.6,0,-
04.01.2017,0,2.3,-
05.01.2017,0,1.9,-
06.01.2017,0,5,-
07.01.2017,0.4,0,-
08.01.2017,0,0,-
09.01.2017,0.1,0,-
10.01.2017,0,0,-
11.01.2017,11.2,0.1,-
12.01.2017,4.6,2.1,-
13.01.2017,1.3,3.4,-
14.01.2017,0,3.6,-
15.01.2017,0,1.4,-
16.01.2017,0,5.5,-
17.01.2017,0,1.9,-
18.01.2017,0,0,-
19.01.2017,0,0,-
20.01.2017,0,0,-
21.01.2017,0,0.2,-
22.01.2017,0,0,-
23.01.2017,0,0.4,-
24.01.2017,0,0,-
25.01.2017,0,0,-
26.01.2017,0,0.8,-
27.01.2017,0,7.1,-
28.01.2017,0.7,5.9,-
29.01.2017,1.7,0,-
30.01.2017,4.9,0,-
31.01.2017,0,0.1,-
01.02.2017,0,0,-
02.02.2017,0.5,0,-
03.02.2017,1.1,0,-
04.02.2017,0.1,0.2,-
05.02.2017,1.1,0,-
06.02.2017,0,0.2,-
07.02.2017,0.6,0,-
08.02.2017,0,0,-
09.02.2017,0,0,-
10.02.2017,0,0.2,-
11.02.2017,0,0,-
12.02.2017,0,0,-
13.02.2017,0,7.1,-
14.02.2017,0,5.2,-
15.02.2017,0,7.7,-
16.02.2017,2.1,1.6,-
17.02.2017,0.3,0.3,-
18.02.2017,0.2,0,-
19.02.2017,1.2,0,-
20.02.2017,2.1,0,-
21.02.2017,14.9,3.4,-
22.02.2017,2.3,0.9,-
23.02.2017,17.3,0,-
24.02.2017,0.3,6,-
25.02.2017,6.9,0,-
26.02.2017,3.2,0,-
27.02.2017,0.3,0,-
28.02.2017,4,2.1,-
01.03.2017,1.3,1.3,-
02.03.2017,1.4,2.9,-
03.03.2017,0.2,6.9,-
04.03.2017,0.2,0.8,-
05.03.2017,2.4,0.2,-
06.03.2017,0,0,-
07.03.2017,0,0,-
08.03.2017,0.3,0.5,-
09.03.2017,3,0.4,-
10.03.2017,0,5.3,-
11.03.2017,0,6,-
12.03.2017,0,2.3,-
13.03.2017,0,1.2,-
14.03.2017,0.2,2.1,-
15.03.2017,0,9.6,-
16.03.2017,0,3.7,-
17.03.2017,12.3,1.8,-
18.03.2017,0.5,4.6,-
19.03.2017,14.9,0,-
20.03.2017,12,0.2,-
21.03.2017,0,6.2,-
22.03.2017,0,11.6,-
23.03.2017,0,5.2,-
24.03.2017,0,11.5,-
25.03.2017,0,7.8,-
26.03.2017,0,6.5,-
27.03.2017,0,9.7,-
28.03.2017,0.5,11.8,-
29.03.2017,0.4,0,-
30.03.2017,0,1.8,-
31.03.2017,0.3,8,-
01.04.2017,0.9,7.7,-
02.04.2017,0,6.8,-
03.04.2017,0,11.4,-
04.04.2017,0,10.8,-
05.04.2017,0,3.9,-
06.04.2017,0,7.3,-
07.04.2017,0,4.3,-
08.04.2017,0,0,-
09.04.2017,0,13,-
10.04.2017,0,1.1,-
11.04.2017,4.8,4.1,-
12.04.2017,7.8,0,-
13.04.2017,1,4.6,-
14.04.2017,12.2,0.6,-
15.04.2017,3.5,4.2,-
16.04.2017,1.4,2.8,-
17.04.2017,7.3,6.6,-
18.04.2017,0.6,9.3,-
19.04.2017,0,12,-
20.04.2017,0,5.1,-
21.04.2017,0.6,0.1,-
22.04.2017,0.3,8.2,-
23.04.2017,0,8,-
24.04.2017,1.4,0.6,-
25.04.2017,1.6,5.8,-
26.04.2017,0.2,7.7,-
27.04.2017,0.6,7.5,-
28.04.2017,0.7,0.9,-
29.04.2017,1.9,7.7,-
30.04.2017,0,13.7,-
01.05.2017,0,11.5,-
02.05.2017,2.6,9.7,-
03.05.2017,0,8.7,-
04.05.2017,1.2,1.9,-
05.05.2017,0.8,0,-
06.05.2017,0,1.5,-
07.05.2017,0,12.5,-
08.05.2017,0,10.2,-
09.05.2017,0.4,8.4,-
10.05.2017,0.5,1.4,-
11.05.2017,0,13.8,-
12.05.2017,1.6,3.6,-
13.05.2017,2.8,2.2,-
14.05.2017,3.9,10.3,-
15.05.2017,2,8.7,-
16.05.2017,8.2,0,-
17.05.2017,0,6.9,-
18.05.2017,0.9,10,-
19.05.2017,10,3.3,-
20.05.2017,0,8.1,-
21.05.2017,0,14.6,-
22.05.2017,0,14.6,-
23.05.2017,0.5,9.7,-
24.05.2017,0,11.3,-
25.05.2017,0,13.7,-
26.05.2017,0,12.5,-
27.05.2017,0,16.1,-
28.05.2017,0.1,12.2,-
29.05.2017,6.3,4.6,-
30.05.2017,0,3.4,-
31.05.2017,0,10.3,-
01.06.2017,0,15.5,-
02.06.2017,0,15.5,-
03.06.2017,1.8,0.8,-
04.06.2017,1.8,6.8,-
05.06.2017,0,15.2,-
06.06.2017,2.6,10.5,-
07.06.2017,11.7,1.9,-
08.06.2017,4.9,1.5,-
09.06.2017,2.2,4.6,-
10.06.2017,0,5.8,-
11.06.2017,2.1,10.5,-
12.06.2017,0.3,2.9,-
13.06.2017,0,5.7,-
14.06.2017,0,8.7,-
15.06.2017,0,9.5,-
16.06.2017,0.2,8.5,-
17.06.2017,0,13.6,-
18.06.2017,0,11.3,-
19.06.2017,0,12.4,-
20.06.2017,0,12.6,-
21.06.2017,0,10.9,-
22.06.2017,12.7,4.8,-
23.06.2017,1.6,0.4,-
24.06.2017,2.3,3.2,-
25.06.2017,0,1.8,-
26.06.2017,0,10.2,-
27.06.2017,1.4,11.2,-
28.06.2017,2.6,4.8,-
29.06.2017,31.8,1.3,-
30.06.2017,37.7,0,-
01.07.2017,1.1,4.1,-
02.07.2017,0.5,3.5,-
03.07.2017,0.6,6.4,-
04.07.2017,0.5,5.6,-
05.07.2017,0,12.1,-
06.07.2017,0,15.4,-
07.07.2017,0.2,5.7,-
08.07.2017,0,8.5,-
09.07.2017,0,16.1,-
10.07.2017,3.7,2,-
11.07.2017,5.2,3,-
12.07.2017,4.8,2.4,-
13.07.2017,0,6.9,-
14.07.2017,0,8.8,-
15.07.2017,0.1,4.8,-
16.07.2017,1.2,1.4,-
17.07.2017,0,5.2,-
18.07.2017,0,9.3,-
19.07.2017,12.3,13,-
20.07.2017,5.4,0.9,-
21.07.2017,0,13,-
22.07.2017,4.3,0.1,-
23.07.2017,2.8,4.3,-
24.07.2017,1.3,3.6,-
25.07.2017,18.1,0,-
26.07.2017,0,9.8,-
27.07.2017,0,0.5,-
28.07.2017,6.2,7.8,-
29.07.2017,31.1,4.6,-
30.07.2017,1,5.7,-
31.07.2017,0,9.2,-
01.08.2017,0,2.2,-
02.08.2017,4.5,4.5,-
03.08.2017,10,2.5,-
04.08.2017,0,4.7,-
05.08.2017,7.5,9.7,-
06.08.2017,0,11.1,-
07.08.2017,0,13.2,-
08.08.2017,3.5,4.2,-
09.08.2017,0,8.6,-
10.08.2017,0,6.7,-
11.08.2017,0,0,-
12.08.2017,6.4,0.4,-
13.08.2017,0,8.2,-
14.08.2017,0.1,12.9,-
15.08.2017,6.8,7.7,-
16.08.2017,0,8.9,-
17.08.2017,5,3.2,-
18.08.2017,3,0.1,-
19.08.2017,6.2,7.4,-
20.08.2017,3.4,6,-
21.08.2017,0.1,2.2,-
22.08.2017,0,7.7,-
23.08.2017,0,11.5,-
24.08.2017,2,5.5,-
25.08.2017,0,8.8,-
26.08.2017,0,5.6,-
27.08.2017,0,9,-
28.08.2017,0,9.6,-
29.08.2017,0,12.3,-
30.08.2017,2.3,0.7,-
31.08.2017,0.3,1,-
01.09.2017,0.1,5.7,-
02.09.2017,0,8.1,-
03.09.2017,0,9.4,-
04.09.2017,0,12.3,-
05.09.2017,5.7,7.4,-
06.09.2017,11,1,-
07.09.2017,1.5,5.5,-
08.09.2017,7.7,0,-
09.09.2017,6.3,1.9,-
10.09.2017,0.5,8.8,-
11.09.2017,0.1,6.6,-
12.09.2017,4.9,4.9,-
13.09.2017,11.4,0.9,-
14.09.2017,3.2,1.5,-
15.09.2017,0.8,5.4,-
16.09.2017,0.2,0.1,-
17.09.2017,6.5,2.7,-
18.09.2017,0,8.4,-
19.09.2017,3.4,3.5,-
20.09.2017,3.9,1.2,-
21.09.2017,0,3.8,-
22.09.2017,0,8.3,-
23.09.2017,0.4,10.4,-
24.09.2017,0.6,0.8,-
25.09.2017,0.2,1.4,-
26.09.2017,0,0.2,-
27.09.2017,0.1,2.1,-
28.09.2017,4.7,1.2,-
29.09.2017,0,6.8,-
30.09.2017,3.2,0,-
01.10.2017,3.4,6.5,-
02.10.2017,11.9,1.5,-
03.10.2017,1.6,6.8,-
04.10.2017,22.6,0,-
05.10.2017,36.5,1.6,-
06.10.2017,0,7.3,-
07.10.2017,6.5,0,0
08.10.2017,0,8.7,0
09.10.2017,3.8,2.8,0
10.10.2017,3.8,0.6,0
11.10.2017,4.1,0.3,0
12.10.2017,1.3,2,0
13.10.2017,0,2.2,0
14.10.2017,0.5,0,0
15.10.2017,0,4.6,0
16.10.2017,0,3.3,0
17.10.2017,0,0.7,0
18.10.2017,0,4.2,0
19.10.2017,0,2.1,0
20.10.2017,4.3,0,0
21.10.2017,0.3,0,0
22.10.2017,3.1,1.7,0
23.10.2017,3.3,0.2,0
24.10.2017,3.4,0,0
25.10.2017,2,0.6,0
26.10.2017,0,2.5,0
27.10.2017,0,4.4,0
28.10.2017,7.3,0,0
29.10.2017,0,6.5,0
30.10.2017,0,7.4,-
31.10.2017,5,0,-
01.11.2017,0.4,0,-
02.11.2017,0,3.4,-
03.11.2017,0.5,0.4,-
04.11.2017,0.4,1.3,-
05.11.2017,1.5,0,-
06.11.2017,0,4.5,-
07.11.2017,0,5.8,-
08.11.2017,0,2.2,-
09.11.2017,1.5,0.5,-
10.11.2017,12.8,0.2,0
11.11.2017,4,1.2,0
12.11.2017,0.6,0,0
13.11.2017,0.1,5.1,0
14.11.2017,0.6,0,0
15.11.2017,0.5,1,0
16.11.2017,2.4,0,0
17.11.2017,0.3,4.8,0
18.11.2017,13.9,1.3,0
19.11.2017,1.1,3.1,0
20.11.2017,0,1.5,0
21.11.2017,8.1,0,0
22.11.2017,2.9,0,0
23.11.2017,3.1,0.7,0
24.11.2017,0.4,0,0
25.11.2017,0.4,0,0
26.11.2017,5.7,0.1,0
27.11.2017,12,0,0
28.11.2017,9.3,0.5,0
29.11.2017,6.7,0,0
30.11.2017,0,0,0
01.12.2017,0.8,0.7,0
02.12.2017,2.5,0,0
03.12.2017,1.6,0.1,0
04.12.2017,0.6,4.3,0
05.12.2017,0.1,0.7,0
06.12.2017,0,0,0
07.12.2017,8.1,0,0
08.12.2017,10.7,0,0
09.12.2017,6,1.9,0
10.12.2017,0.3,0,2
11.12.2017,10.4,0,0
12.12.2017,0.7,0,0
13.12.2017,10.4,0,0
14.12.2017,2,0.6,0
15.12.2017,0,0,0
16.12.2017,0,4,0
17.12.2017,0,3.8,0
18.12.2017,0.1,3.5,0
19.12.2017,2.2,0.3,0
20.12.2017,0.1,0,0
21.12.2017,0,0,0
22.12.2017,0,0.2,0
23.12.2017,1.1,0,0
24.12.2017,4,0,0
25.12.2017,0.2,0,0
26.12.2017,0.2,0.2,0
27.12.2017,0.2,0,0
28.12.2017,1.4,2.1,0
29.12.2017,2.1,2.2,0
30.12.2017,2.4,0,0
31.12.2017,14.5,0,0
01.01.2018,0.9,0.4,0
02.01.2018,11.6,0.7,0
03.01.2018,9.2,0.2,0
04.01.2018,7.6,1.4,0
05.01.2018,5.4,0.4,0
06.01.2018,0.2,0,0
07.01.2018,0,5.1,0
08.01.2018,0,5.1,0
09.01.2018,0,1.5,0
10.01.2018,0,0.6,0
11.01.2018,4.9,0,0
12.01.2018,0.2,0,0
13.01.2018,0,0,0
14.01.2018,0,4.7,0
15.01.2018,5.4,0.1,0
16.01.2018,6,0.4,0
17.01.2018,2.6,1.3,0
18.01.2018,6.1,0,0
19.01.2018,1.6,2,0
20.01.2018,1.2,0,0
21.01.2018,0,1.2,0
22.01.2018,0.2,0,0
23.01.2018,2.8,0,0
24.01.2018,3.7,0,0
25.01.2018,0,0,0
26.01.2018,0,0.9,0
27.01.2018,4.7,0,0
28.01.2018,2.3,2.5,0
29.01.2018,11,0,0
30.01.2018,0,3,0
31.01.2018,7.2,0,0
01.02.2018,3.4,0.1,0
02.02.2018,1.2,0,0
03.02.2018,2.7,0,0
04.02.2018,0.6,0,3
05.02.2018,0,0.4,3
06.02.2018,0,5.6,0
07.02.2018,0,6.9,0
08.02.2018,0,6.7,0
09.02.2018,0,6.6,0
10.02.2018,0,6,0
11.02.2018,4.9,0.2,0
12.02.2018,6.2,1.3,0
13.02.2018,0,7.4,3
14.02.2018,0,7.7,3
15.02.2018,1.1,0,2
16.02.2018,0.1,4,2
17.02.2018,0,0,0
18.02.2018,0,3.8,0
19.02.2018,0,4.1,0
20.02.2018,0,6.9,0
21.02.2018,1.1,1.5,0
22.02.2018,0.3,0.5,1
23.02.2018,0,8.4,0
24.02.2018,0.9,2.7,0
25.02.2018,0,0.3,1
26.02.2018,0,5.3,1
27.02.2018,0.2,1.4,0
28.02.2018,0,6,0
01.03.2018,0.3,4.2,0
02.03.2018,0.5,2,0
03.03.2018,0,9.2,1
04.03.2018,2.2,4.1,1
05.03.2018,0,2.9,1
06.03.2018,0,8.4,0
07.03.2018,6.6,0,0
08.03.2018,5.5,1.9,1
09.03.2018,0.3,1.2,0
10.03.2018,6.7,0,0
11.03.2018,0.6,2.6,0
12.03.2018,7.1,0,0
13.03.2018,0.3,0,0
14.03.2018,0,0,0
15.03.2018,0,0.6,0
16.03.2018,0.4,0.4,0
17.03.2018,0,3.5,2
18.03.2018,0,9.9,0
19.03.2018,0,11.3,0
20.03.2018,0,11.5,0
21.03.2018,2.3,0.1,0
22.03.2018,0.2,0,0
23.03.2018,0.1,0.4,0
24.03.2018,0,0,0
25.03.2018,0,0,0
26.03.2018,0,0.5,0
27.03.2018,0,1.5,0
28.03.2018,8.7,0,0
29.03.2018,0.8,0,8
30.03.2018,0,12.3,2
31.03.2018,3.1,0,0
01.04.2018,1.2,2.9,3
02.04.2018,5.6,8.3,0
03.04.2018,2.1,1.1,0
04.04.2018,5,4.7,0
05.04.2018,0.2,0.9,0
06.04.2018,0,10.4,0
07.04.2018,0,9.5,0
08.04.2018,0,11.8,0
09.04.2018,0,6.8,0
10.04.2018,0,1.1,0
11.04.2018,0,0,0
12.04.2018,0.2,6,0
13.04.2018,11.1,0.3,0
14.04.2018,2.6,0,0
15.04.2018,2.6,0,0
16.04.2018,13.3,5.2,0
17.04.2018,0,11.5,0
18.04.2018,0,13.2,0
19.04.2018,0,13.4,0
20.04.2018,0,13.4,0
21.04.2018,0,12.4,0
22.04.2018,5.6,9.8,-
23.04.2018,0,8.6,0
24.04.2018,10.3,4.4,0
25.04.2018,9.5,1.5,0
26.04.2018,0,5.6,0
27.04.2018,0.8,7.1,0
28.04.2018,1.3,4.9,0
29.04.2018,0,1.2,0
30.04.2018,1.8,3,0
01.05.2018,9.4,0,-
02.05.2018,0,13.5,-
03.05.2018,0,10.8,-
04.05.2018,0,14.2,-
05.05.2018,0,14.1,-
06.05.2018,0,15.1,-
07.05.2018,0,15.1,-
08.05.2018,0,15,-
09.05.2018,0,14.7,-
10.05.2018,11.9,7.1,-
11.05.2018,0,11.1,-
12.05.2018,0,7.1,-
13.05.2018,0,11.3,-
14.05.2018,0,15.1,-
15.05.2018,0,13.2,-
16.05.2018,0,9.4,-
17.05.2018,0,12,-
18.05.2018,0,7.4,-
19.05.2018,0,6.1,-
20.05.2018,0,15.6,-
21.05.2018,0,14.9,-
22.05.2018,0,15.1,-
23.05.2018,0,15.7,-
24.05.2018,0,15.9,-
25.05.2018,0,14.3,-
26.05.2018,0,15.5,-
27.05.2018,3,0.3,-
28.05.2018,0.1,10.9,-
29.05.2018,0,14.8,-
30.05.2018,0,14.5,-
31.05.2018,0,14.3,-
01.06.2018,0,15,-
02.06.2018,0,12.2,-
03.06.2018,0,2.9,-
04.06.2018,0,6.6,-
05.06.2018,0,13,-
06.06.2018,0,16.1,-
07.06.2018,0,16.4,-
08.06.2018,0,14.3,-
09.06.2018,0,6.5,-
10.06.2018,0.7,0.6,-
11.06.2018,0,6.2,-
12.06.2018,0,0.1,-
13.06.2018,0,3.1,-
14.06.2018,3.2,7.3,-
15.06.2018,0.1,11.7,-
16.06.2018,11.8,4.7,-
17.06.2018,0.4,5.9,-
18.06.2018,2.1,3.8,-
19.06.2018,0.3,9.1,-
20.06.2018,2,7.9,-
21.06.2018,9,3.4,-
22.06.2018,0,6.7,-
23.06.2018,2.3,2.9,-
24.06.2018,0,1.9,-
25.06.2018,0,3.1,-
26.06.2018,0,7.9,-
27.06.2018,0,14.6,-
28.06.2018,0,16.3,-
29.06.2018,0,16.4,-
30.06.2018,0,15.5,-
01.07.2018,0,16.6,-
02.07.2018,0,16.6,-
03.07.2018,0,15.3,-
04.07.2018,0,8.4,-
05.07.2018,0,0,-
06.07.2018,0,12.7,-
07.07.2018,0,15.8,-
08.07.2018,0,15.4,-
09.07.2018,0,3.3,-
10.07.2018,4.9,7.6,-
11.07.2018,0,0.3,-
12.07.2018,0,14.8,-
13.07.2018,0,14.8,-
14.07.2018,0,2.4,-
15.07.2018,0,14.4,-
16.07.2018,0,15.7,-
17.07.2018,0,15.3,-
18.07.2018,0,11.3,-
19.07.2018,0,13.8,-
20.07.2018,0,15.1,-
21.07.2018,0.2,11.9,-
22.07.2018,0,12.6,-
23.07.2018,0,10.6,-
24.07.2018,0,15.3,-
25.07.2018,0,10.5,-
26.07.2018,0,14.6,-
27.07.2018,0,15.2,-
28.07.2018,2.5,9.1,-
29.07.2018,0,12.6,-
30.07.2018,0,5.4,-
31.07.2018,0.2,6.5,-
01.08.2018,0,9.8,-
02.08.2018,0,13.8,-
03.08.2018,0,14.1,-
04.08.2018,0,7.9,-
05.08.2018,0,4.4,-
06.08.2018,0,13,-
07.08.2018,0,14.1,-
08.08.2018,0,6.6,-
09.08.2018,4.9,7.6,-
10.08.2018,2.3,4.8,-
11.08.2018,12.8,6,-
12.08.2018,0.6,2.6,-
13.08.2018,5.4,0,-
14.08.2018,0.6,5.1,-
15.08.2018,0,3.9,-
16.08.2018,0,9.1,-
17.08.2018,1.3,5.8,-
18.08.2018,0,9,-
19.08.2018,0.8,1.8,-
20.08.2018,0.1,3.4,-
21.08.2018,0,10.7,-
22.08.2018,0,13.1,-
23.08.2018,1.1,5.4,-
24.08.2018,1.9,4.8,-
25.08.2018,3.5,2.3,-
26.08.2018,1.3,10.2,-
27.08.2018,3.3,1.8,-
28.08.2018,0.7,4.9,-
29.08.2018,5.2,8.3,-
30.08.2018,19.8,0,-
31.08.2018,0,8.8,-
01.09.2018,0,10.8,-
02.09.2018,0.7,10.9,-
03.09.2018,0,7.3,-
04.09.2018,0,10,-
05.09.2018,0,9.5,-
06.09.2018,7.5,9.2,-
07.09.2018,2,2.1,-
08.09.2018,0.2,4,-
09.09.2018,0.1,4.3,-
10.09.2018,1.3,3,-
11.09.2018,6.8,0,-
12.09.2018,1,0.1,-
13.09.2018,0,9,-
14.09.2018,1.8,5.1,-
15.09.2018,1.2,4,-
16.09.2018,0,6.2,-
17.09.2018,0,9.5,-
18.09.2018,0,11.3,-
19.09.2018,0,8,-
20.09.2018,0,3.5,-
21.09.2018,11.1,1.4,-
22.09.2018,1.9,7.2,-
23.09.2018,0.4,1.8,-
24.09.2018,0.8,9.4,-
25.09.2018,0,8.4,-
26.09.2018,0.9,1.8,-
27.09.2018,0.6,1.8,-
28.09.2018,0,8.3,-
29.09.2018,0,3.8,-
30.09.2018,1,2.8,-
01.10.2018,0.2,5.1,-
02.10.2018,4.6,1,-
03.10.2018,0.5,7.2,-
04.10.2018,1.4,0,-
05.10.2018,0,7.9,-
06.10.2018,1,8.4,0
07.10.2018,0,8.4,0
08.10.2018,0,3.2,0
09.10.2018,0,5.1,0
10.10.2018,0,7.9,0
11.10.2018,0,9.1,0
12.10.2018,0,8.4,0
13.10.2018,0,9.5,-
14.10.2018,0,9.5,-
15.10.2018,0,8.3,0
16.10.2018,0,2.2,0
17.10.2018,0,6.5,0
18.10.2018,0.5,4.4,-
19.10.2018,0,5.3,0
20.10.2018,0,5.5,-
21.10.2018,1.2,0.1,-
22.10.2018,3.3,6.5,0
23.10.2018,4.8,0,-
24.10.2018,0.2,4.2,-
25.10.2018,0.1,1.4,0
26.10.2018,10.7,0,0
27.10.2018,2.9,0.7,0
28.10.2018,7.4,6.2,0
29.10.2018,0.5,0,0
30.10.2018,0.3,0.1,0
31.10.2018,0,2.6,0
01.11.2018,0,2.8,0
02.11.2018,0.3,1.9,0
03.11.2018,0,6.8,0
04.11.2018,0,0.1,0
05.11.2018,0,0,0
06.11.2018,0,0.2,0
07.11.2018,0,4.9,0
08.11.2018,0,2,0
09.11.2018,0.5,0.5,0
10.11.2018,2.3,0.1,0
11.11.2018,3.3,0.8,0
12.11.2018,3.4,0,0
13.11.2018,2,0.2,0
14.11.2018,0,0,0
15.11.2018,0,5.2,0
16.11.2018,0,5.9,0
17.11.2018,0,5.9,0
18.11.2018,0,0,0
19.11.2018,1.9,0.7,0
20.11.2018,0,0,0
21.11.2018,0,0.7,0
22.11.2018,0,0,0
23.11.2018,0,0,0
24.11.2018,0,0,0
25.11.2018,2,0,0
26.11.2018,0,1.5,0
27.11.2018,0,0,0
28.11.2018,1.3,2.7,0
29.11.2018,3.3,0,0
30.11.2018,0,2.6,0
01.12.2018,0.3,0,0
02.12.2018,4.8,0,0
03.12.2018,3.8,0,0
04.12.2018,0.2,4.5,0
05.12.2018,0,3.9,0
06.12.2018,3.4,0,0
07.12.2018,10.1,0,0
08.12.2018,7.4,0,0
09.12.2018,2.7,0.8,0
10.12.2018,1.4,1.8,0
11.12.2018,0,0.6,0
12.12.2018,0.5,0.2,0
13.12.2018,4.2,0,0
14.12.2018,0.3,0,0
15.12.2018,0,0.2,0
16.12.2018,0,0.3,0
17.12.2018,1.2,0,0
18.12.2018,0.2,0,0
19.12.2018,0.1,0,0
20.12.2018,2.2,0,0
21.12.2018,10.4,0,0
22.12.2018,2,0,0
23.12.2018,0.8,0,0
24.12.2018,0.1,0.1,0
25.12.2018,0,0,0
26.12.2018,0,0,0
27.12.2018,0,0,0
28.12.2018,1.6,0.1,0
29.12.2018,6.1,0,0
30.12.2018,0,3.8,0
31.12.2018,0.3,0,0
01.01.2019,0.1,0.8,0
02.01.2019,0,4.6,0
03.01.2019,0.3,2.9,0
04.01.2019,0.2,0,0
05.01.2019,0.1,2.2,0
06.01.2019,1,0,0
07.01.2019,10.6,0,0
08.01.2019,1.1,0.7,0
09.01.2019,0,0,0
10.01.2019,0.5,0,0
11.01.2019,0.2,1.2,0
12.01.2019,3.8,0,0
13.01.2019,3,0,0
14.01.2019,0.3,4.1,0
15.01.2019,1.9,0,0
16.01.2019,4.1,0,0
17.01.2019,1.6,0.1,0
18.01.2019,0,5.6,1
19.01.2019,0,4.8,1
20.01.2019,0,5.6,0
21.01.2019,0.2,1.5,0
22.01.2019,0,2.4,1
23.01.2019,0,3.3,0
24.01.2019,0,0,0
25.01.2019,0.2,0,1
26.01.2019,4.7,0.3,1
27.01.2019,6.5,0,0
28.01.2019,0.2,0,0
29.01.2019,0.3,1.2,0
30.01.2019,0.1,3.1,0
31.01.2019,0,0.1,1
01.02.2019,0,0.1,0
02.02.2019,0.1,0,0
03.02.2019,0,4.5,0
04.02.2019,1,0.3,0
05.02.2019,0.8,0,0
06.02.2019,7.9,0,0
07.02.2019,3.9,0.7,0
08.02.2019,4.9,0,0
09.02.2019,2.8,0.4,0
10.02.2019,13.9,0,0
11.02.2019,0.2,5.8,0
12.02.2019,0,4.3,0
13.02.2019,0,0,0
14.02.2019,0,4.8,0
15.02.2019,0,7.7,0
16.02.2019,0,7.6,0
17.02.2019,0,4.5,0
18.02.2019,0.8,8.7,0
19.02.2019,1.9,0.1,0
20.02.2019,0.4,0,0
21.02.2019,0.8,0,0
22.02.2019,0,4.4,0
23.02.2019,0,4.5,0
24.02.2019,0,9,0
25.02.2019,0,7.8,0
26.02.2019,0,8.1,0
27.02.2019,0,10.1,0
28.02.2019,0,4.2,0
01.03.2019,0,1.1,0
02.03.2019,0.8,0,0
03.03.2019,8.7,1.5,0
04.03.2019,7.9,0.6,0
05.03.2019,0.7,4.2,0
06.03.2019,4.3,0,0
07.03.2019,7.2,1.6,0
08.03.2019,4.3,4.1,0
09.03.2019,5.6,0.8,0
10.03.2019,0.3,4.1,0
11.03.2019,1.9,4.1,0
12.03.2019,6,0.5,0
13.03.2019,8.7,0.1,0
14.03.2019,5.4,0,0
15.03.2019,3.9,0.3,0
16.03.2019,14.7,0.4,0
17.03.2019,6.5,3.3,0
18.03.2019,2.1,3.6,0
19.03.2019,0,8.2,0
20.03.2019,0,0,0
21.03.2019,0,0,0
22.03.2019,0,1.3,0
23.03.2019,0,2.7,0
24.03.2019,3.7,5.5,0
25.03.2019,0,6.5,0
26.03.2019,0,2,0
27.03.2019,0.8,0,0
28.03.2019,0,0,0
29.03.2019,0,4.2,0
30.03.2019,0,10.2,0
31.03.2019,0,10,0
01.04.2019,0,12.5,0
02.04.2019,0.4,9.6,0
03.04.2019,6,0,0
04.04.2019,0,4.5,0
05.04.2019,0,7.3,0
06.04.2019,0,11,0
07.04.2019,0,11.8,0
08.04.2019,0.1,8.6,0
09.04.2019,0,9.4,0
10.04.2019,0.2,11.9,0
11.04.2019,0.8,1.8,0
12.04.2019,1.7,6.1,0
13.04.2019,4.1,0.7,0
14.04.2019,0.2,2,0
15.04.2019,0,11.2,0
16.04.2019,0,11.4,0
17.04.2019,0,13.3,0
18.04.2019,0,13.4,0
19.04.2019,0,13.4,0
20.04.2019,0,14,0
21.04.2019,0,14,0
22.04.2019,0,14,0
23.04.2019,0,13.4,0
24.04.2019,0.2,8.2,0
25.04.2019,0,11.1,0
26.04.2019,5.7,3.3,0
27.04.2019,1.7,5.9,0
28.04.2019,0.4,0.1,0
29.04.2019,0,8.5,0
30.04.2019,0,6.5,0
01.05.2019,0,0,-
02.05.2019,0.8,0.8,-
03.05.2019,1,8,-
04.05.2019,0,9.3,-
05.05.2019,0.4,-,-
06.05.2019,0.4,-,-
07.05.2019,1.1,-,-
08.05.2019,7.3,-,-
09.05.2019,0.1,-,-
10.05.2019,2.8,-,-
11.05.2019,0,-,-
12.05.2019,0,-,-
13.05.2019,0,-,-
14.05.2019,0,-,-
15.05.2019,0,-,-
16.05.2019,0.8,-,-
17.05.2019,0,-,-
18.05.2019,0,-,-
19.05.2019,0,-,-
20.05.2019,0,-,-
21.05.2019,29.6,-,-
22.05.2019,0.8,-,-
23.05.2019,0,-,-
24.05.2019,0,-,-
25.05.2019,0,-,-
26.05.2019,14.9,-,-
27.05.2019,0,-,-
28.05.2019,0,-,-
29.05.2019,0,-,-
30.05.2019,1.3,-,-
31.05.2019,0,-,-
01.06.2019,0,-,-
02.06.2019,0,-,-
03.06.2019,0.6,-,-
04.06.2019,1.5,-,-
05.06.2019,0,-,-
06.06.2019,0.1,-,-
07.06.2019,4.9,-,-
08.06.2019,0,-,-
09.06.2019,0.2,-,-
10.06.2019,12.4,-,-
11.06.2019,10.5,-,-
12.06.2019,1.4,-,-
13.06.2019,0,-,-
14.06.2019,9.7,-,-
15.06.2019,14.5,-,-
16.06.2019,0,-,-
17.06.2019,0,-,-
18.06.2019,13.3,-,-
19.06.2019,4.4,-,-
20.06.2019,0.2,-,-
21.06.2019,0,-,-
22.06.2019,0,-,-
23.06.2019,0,-,-
24.06.2019,0,-,-
25.06.2019,0,-,-
26.06.2019,0,-,-
27.06.2019,0,-,-
28.06.2019,0,-,-
29.06.2019,0,-,-
30.06.2019,0,-,-
01.07.2019,5.6,-,-
02.07.2019,0,-,-
03.07.2019,0,-,-
04.07.2019,1.9,-,-
05.07.2019,1.3,-,-
06.07.2019,4.7,-,-
07.07.2019,0,-,-
08.07.2019,0,-,-
09.07.2019,0,-,-
10.07.2019,0,-,-
11.07.2019,1.2,-,-
12.07.2019,5.5,-,-
13.07.2019,0,-,-
14.07.2019,0,-,-
15.07.2019,0,-,-
16.07.2019,0,-,-
17.07.2019,0,-,-
18.07.2019,0,-,-
19.07.2019,0,-,-
20.07.2019,15.4,-,-
21.07.2019,0,-,-
22.07.2019,2.1,-,-
23.07.2019,0,-,-
24.07.2019,0,-,-
25.07.2019,0,-,-
26.07.2019,0,-,-
27.07.2019,0,-,-
28.07.2019,0.3,-,-
29.07.2019,2.1,-,-
30.07.2019,4.2,-,-
31.07.2019,9.9,-,-
